solve_message = 'CPLEX 20.1.0.0: optimal solution; objective 127.4677281\
23 separable QP barrier iterations\
No basis.'

_solve_elapsed_time = 0.031

w [*] :=
1   0.0283437
2   0.0254662
3  -0.0144511
4   0.00527864
5  -0.00132604
6   0.0713454
7   0.568553
8   0.0372868
;

gamma = -6.66539

