solve_message = 'CPLEX 20.1.0.0: optimal solution; objective 1273.140672\
19 separable QP barrier iterations\
No basis.'

_solve_elapsed_time = 0.031

w [*] :=
1   0.0271246
2   0.0255262
3  -0.0150568
4   0.00525715
5  -0.00135192
6   0.070941
7   0.606141
8   0.0379527
;

gamma = -6.64298

